instance_id,name,tier,env,owner
APP-0001,App-001,BATCH,DEV,Retail
APP-0002,App-002,APP,DEV,Digital
APP-0003,App-003,WEB,DEV,Retail
APP-0004,App-004,BATCH,DEV,Ops
APP-0005,App-005,ETL,QA,Ops
APP-0006,App-006,WEB,PROD,Ops
APP-0007,App-007,WEB,QA,Finance
APP-0008,App-008,ETL,TEST,Ops
APP-0009,App-009,APP,TEST,Digital
APP-0010,App-010,APP,TEST,Digital
APP-0011,App-011,BATCH,DEV,Logistics
APP-0012,App-012,APP,QA,Finance
APP-0013,App-013,WEB,DEV,Retail
APP-0014,App-014,ETL,PROD,Ops
APP-0015,App-015,ETL,PROD,Logistics
APP-0016,App-016,WEB,TEST,Finance
APP-0017,App-017,APP,QA,Logistics
APP-0018,App-018,ETL,TEST,Logistics
APP-0019,App-019,APP,QA,Digital
APP-0020,App-020,WEB,PROD,Digital
APP-0021,App-021,BATCH,DEV,Digital
APP-0022,App-022,WEB,QA,Logistics
APP-0023,App-023,BATCH,QA,Retail
APP-0024,App-024,ETL,PROD,Logistics
APP-0025,App-025,APP,TEST,Digital
APP-0026,App-026,BATCH,PROD,Logistics
APP-0027,App-027,APP,DEV,Logistics
APP-0028,App-028,BATCH,QA,Logistics
APP-0029,App-029,WEB,TEST,Retail
APP-0030,App-030,APP,PROD,Ops
APP-0031,App-031,WEB,QA,Digital
APP-0032,App-032,ETL,PROD,Finance
APP-0033,App-033,APP,PROD,Digital
APP-0034,App-034,APP,PROD,Ops
APP-0035,App-035,ETL,TEST,Logistics
APP-0036,App-036,BATCH,DEV,Finance
APP-0037,App-037,APP,TEST,Digital
APP-0038,App-038,WEB,TEST,Retail
APP-0039,App-039,BATCH,PROD,Finance
APP-0040,App-040,WEB,QA,Retail
APP-0041,App-041,BATCH,PROD,Retail
APP-0042,App-042,APP,TEST,Ops
APP-0043,App-043,BATCH,PROD,Logistics
APP-0044,App-044,WEB,DEV,Logistics
APP-0045,App-045,WEB,PROD,Digital
APP-0046,App-046,APP,PROD,Retail
APP-0047,App-047,BATCH,QA,Ops
APP-0048,App-048,APP,PROD,Logistics
APP-0049,App-049,ETL,DEV,Finance
APP-0050,App-050,APP,QA,Finance
APP-0051,App-051,BATCH,PROD,Logistics
APP-0052,App-052,BATCH,PROD,Logistics
APP-0053,App-053,WEB,DEV,Ops
APP-0054,App-054,WEB,QA,Digital
APP-0055,App-055,ETL,TEST,Finance
APP-0056,App-056,BATCH,PROD,Logistics
APP-0057,App-057,ETL,PROD,Finance
APP-0058,App-058,APP,TEST,Logistics
APP-0059,App-059,BATCH,DEV,Retail
APP-0060,App-060,BATCH,QA,Ops
APP-0061,App-061,APP,DEV,Digital
APP-0062,App-062,ETL,PROD,Ops
APP-0063,App-063,BATCH,PROD,Finance
APP-0064,App-064,WEB,QA,Finance
APP-0065,App-065,WEB,DEV,Logistics
APP-0066,App-066,APP,QA,Retail
APP-0067,App-067,WEB,DEV,Finance
APP-0068,App-068,WEB,PROD,Ops
APP-0069,App-069,ETL,TEST,Retail
APP-0070,App-070,WEB,PROD,Logistics
APP-0071,App-071,APP,QA,Digital
APP-0072,App-072,WEB,QA,Ops
APP-0073,App-073,APP,TEST,Finance
APP-0074,App-074,BATCH,QA,Finance
APP-0075,App-075,BATCH,QA,Finance
APP-0076,App-076,APP,PROD,Ops
APP-0077,App-077,APP,PROD,Ops
APP-0078,App-078,WEB,DEV,Retail
APP-0079,App-079,ETL,TEST,Retail
APP-0080,App-080,WEB,TEST,Ops
APP-0081,App-081,ETL,TEST,Retail
APP-0082,App-082,BATCH,PROD,Digital
APP-0083,App-083,APP,TEST,Logistics
APP-0084,App-084,WEB,DEV,Finance
APP-0085,App-085,APP,PROD,Ops
APP-0086,App-086,BATCH,QA,Logistics
APP-0087,App-087,WEB,TEST,Finance
APP-0088,App-088,APP,PROD,Retail
APP-0089,App-089,ETL,DEV,Digital
APP-0090,App-090,ETL,PROD,Ops
APP-0091,App-091,WEB,PROD,Digital
APP-0092,App-092,APP,DEV,Ops
APP-0093,App-093,ETL,TEST,Digital
APP-0094,App-094,BATCH,PROD,Digital
APP-0095,App-095,WEB,DEV,Retail
APP-0096,App-096,APP,PROD,Finance
APP-0097,App-097,WEB,PROD,Retail
APP-0098,App-098,WEB,DEV,Logistics
APP-0099,App-099,ETL,QA,Retail
APP-0100,App-100,WEB,QA,Retail
APP-0101,App-101,APP,TEST,Ops
APP-0102,App-102,APP,TEST,Finance
APP-0103,App-103,ETL,DEV,Digital
APP-0104,App-104,APP,TEST,Retail
APP-0105,App-105,ETL,QA,Digital
APP-0106,App-106,WEB,TEST,Retail
APP-0107,App-107,APP,QA,Ops
APP-0108,App-108,APP,PROD,Retail
APP-0109,App-109,BATCH,QA,Logistics
APP-0110,App-110,ETL,TEST,Logistics
APP-0111,App-111,BATCH,QA,Finance
APP-0112,App-112,APP,PROD,Finance
APP-0113,App-113,APP,PROD,Finance
APP-0114,App-114,WEB,QA,Logistics
APP-0115,App-115,BATCH,DEV,Ops
APP-0116,App-116,WEB,DEV,Ops
APP-0117,App-117,BATCH,PROD,Ops
APP-0118,App-118,ETL,TEST,Ops
APP-0119,App-119,APP,DEV,Logistics
APP-0120,App-120,BATCH,TEST,Logistics
APP-0121,App-121,WEB,TEST,Logistics
APP-0122,App-122,APP,DEV,Retail
APP-0123,App-123,BATCH,DEV,Retail
APP-0124,App-124,WEB,PROD,Digital
APP-0125,App-125,APP,DEV,Digital
APP-0126,App-126,ETL,PROD,Finance
APP-0127,App-127,APP,DEV,Finance
APP-0128,App-128,APP,TEST,Digital
APP-0129,App-129,WEB,DEV,Logistics
APP-0130,App-130,APP,PROD,Logistics
APP-0131,App-131,BATCH,PROD,Finance
APP-0132,App-132,ETL,PROD,Finance
APP-0133,App-133,BATCH,TEST,Ops
APP-0134,App-134,APP,QA,Retail
APP-0135,App-135,BATCH,DEV,Logistics
APP-0136,App-136,BATCH,DEV,Logistics
APP-0137,App-137,APP,QA,Finance
APP-0138,App-138,BATCH,DEV,Ops
APP-0139,App-139,WEB,QA,Logistics
APP-0140,App-140,WEB,DEV,Logistics
APP-0141,App-141,BATCH,DEV,Logistics
APP-0142,App-142,WEB,QA,Ops
APP-0143,App-143,BATCH,PROD,Ops
APP-0144,App-144,BATCH,TEST,Ops
APP-0145,App-145,WEB,TEST,Retail
APP-0146,App-146,WEB,TEST,Ops
APP-0147,App-147,APP,PROD,Finance
APP-0148,App-148,BATCH,PROD,Digital
APP-0149,App-149,WEB,QA,Retail
APP-0150,App-150,ETL,DEV,Retail
