instance_id,name,engine,version,env
DB-0001,DB-001,Oracle,8.0,TEST
DB-0002,DB-002,Oracle,13,QA
DB-0003,DB-003,MySQL,14,QA
DB-0004,DB-004,PostgreSQL,19c,PROD
DB-0005,DB-005,SQLServer,13,TEST
DB-0006,DB-006,SQLServer,13,PROD
DB-0007,DB-007,SQLServer,14,QA
DB-0008,DB-008,MySQL,2022,PROD
DB-0009,DB-009,PostgreSQL,15,QA
DB-0010,DB-010,PostgreSQL,8.0,DEV
DB-0011,DB-011,Oracle,14,PROD
DB-0012,DB-012,PostgreSQL,15,DEV
DB-0013,DB-013,MySQL,8.0,TEST
DB-0014,DB-014,SQLServer,15,DEV
DB-0015,DB-015,PostgreSQL,13,QA
DB-0016,DB-016,Oracle,14,PROD
DB-0017,DB-017,SQLServer,13,QA
DB-0018,DB-018,PostgreSQL,15,QA
DB-0019,DB-019,MySQL,13,PROD
DB-0020,DB-020,MySQL,14,TEST
DB-0021,DB-021,PostgreSQL,8.0,PROD
DB-0022,DB-022,SQLServer,19c,QA
DB-0023,DB-023,Oracle,8.0,TEST
DB-0024,DB-024,PostgreSQL,2022,QA
DB-0025,DB-025,MySQL,15,QA
DB-0026,DB-026,SQLServer,14,QA
DB-0027,DB-027,PostgreSQL,15,QA
DB-0028,DB-028,Oracle,15,DEV
DB-0029,DB-029,SQLServer,2019,PROD
DB-0030,DB-030,MySQL,19c,PROD
DB-0031,DB-031,PostgreSQL,2022,TEST
DB-0032,DB-032,Oracle,19c,DEV
DB-0033,DB-033,PostgreSQL,19c,QA
DB-0034,DB-034,Oracle,2019,QA
DB-0035,DB-035,MySQL,8.0,TEST
DB-0036,DB-036,PostgreSQL,8.0,PROD
DB-0037,DB-037,MySQL,13,QA
DB-0038,DB-038,MySQL,14,DEV
DB-0039,DB-039,MySQL,14,PROD
DB-0040,DB-040,Oracle,13,QA
DB-0041,DB-041,MySQL,19c,DEV
DB-0042,DB-042,SQLServer,15,PROD
DB-0043,DB-043,PostgreSQL,8.0,QA
DB-0044,DB-044,SQLServer,19c,TEST
DB-0045,DB-045,Oracle,19c,PROD
DB-0046,DB-046,Oracle,13,QA
DB-0047,DB-047,MySQL,14,PROD
DB-0048,DB-048,PostgreSQL,2019,PROD
DB-0049,DB-049,SQLServer,19c,TEST
DB-0050,DB-050,Oracle,15,QA
DB-0051,DB-051,Oracle,2019,QA
DB-0052,DB-052,PostgreSQL,14,TEST
DB-0053,DB-053,Oracle,14,QA
DB-0054,DB-054,PostgreSQL,8.0,TEST
DB-0055,DB-055,MySQL,13,QA
DB-0056,DB-056,SQLServer,15,PROD
DB-0057,DB-057,SQLServer,19c,TEST
DB-0058,DB-058,SQLServer,15,QA
DB-0059,DB-059,PostgreSQL,19c,DEV
DB-0060,DB-060,MySQL,15,QA
DB-0061,DB-061,SQLServer,15,QA
DB-0062,DB-062,PostgreSQL,14,QA
DB-0063,DB-063,MySQL,19c,QA
DB-0064,DB-064,Oracle,19c,TEST
DB-0065,DB-065,PostgreSQL,2019,DEV
DB-0066,DB-066,PostgreSQL,15,QA
DB-0067,DB-067,MySQL,19c,PROD
DB-0068,DB-068,MySQL,14,DEV
DB-0069,DB-069,PostgreSQL,14,PROD
DB-0070,DB-070,Oracle,13,TEST
DB-0071,DB-071,MySQL,15,TEST
DB-0072,DB-072,Oracle,2019,QA
DB-0073,DB-073,PostgreSQL,2022,PROD
DB-0074,DB-074,MySQL,15,QA
DB-0075,DB-075,Oracle,14,QA
DB-0076,DB-076,SQLServer,15,DEV
DB-0077,DB-077,SQLServer,2022,PROD
DB-0078,DB-078,SQLServer,13,QA
DB-0079,DB-079,PostgreSQL,14,DEV
DB-0080,DB-080,MySQL,2022,DEV
DB-0081,DB-081,MySQL,15,QA
DB-0082,DB-082,PostgreSQL,19c,PROD
DB-0083,DB-083,Oracle,14,DEV
DB-0084,DB-084,PostgreSQL,14,TEST
DB-0085,DB-085,SQLServer,2022,TEST
DB-0086,DB-086,Oracle,8.0,TEST
DB-0087,DB-087,Oracle,15,DEV
DB-0088,DB-088,Oracle,15,QA
DB-0089,DB-089,PostgreSQL,13,TEST
DB-0090,DB-090,SQLServer,15,PROD
DB-0091,DB-091,Oracle,13,TEST
DB-0092,DB-092,SQLServer,2022,TEST
DB-0093,DB-093,SQLServer,15,TEST
DB-0094,DB-094,MySQL,14,DEV
DB-0095,DB-095,PostgreSQL,19c,QA
DB-0096,DB-096,SQLServer,2022,DEV
DB-0097,DB-097,PostgreSQL,2022,QA
DB-0098,DB-098,SQLServer,15,QA
DB-0099,DB-099,Oracle,8.0,PROD
DB-0100,DB-100,MySQL,15,DEV
DB-0101,DB-101,Oracle,2022,TEST
DB-0102,DB-102,SQLServer,19c,DEV
DB-0103,DB-103,MySQL,15,PROD
DB-0104,DB-104,Oracle,14,TEST
DB-0105,DB-105,MySQL,2022,TEST
DB-0106,DB-106,PostgreSQL,14,TEST
DB-0107,DB-107,MySQL,2022,TEST
DB-0108,DB-108,Oracle,19c,TEST
DB-0109,DB-109,SQLServer,15,TEST
DB-0110,DB-110,Oracle,19c,PROD
DB-0111,DB-111,Oracle,13,PROD
DB-0112,DB-112,Oracle,14,PROD
DB-0113,DB-113,Oracle,2019,TEST
DB-0114,DB-114,Oracle,13,DEV
DB-0115,DB-115,MySQL,14,TEST
DB-0116,DB-116,Oracle,2019,QA
DB-0117,DB-117,MySQL,15,DEV
DB-0118,DB-118,PostgreSQL,8.0,TEST
DB-0119,DB-119,MySQL,15,PROD
DB-0120,DB-120,PostgreSQL,8.0,TEST
DB-0121,DB-121,MySQL,19c,DEV
DB-0122,DB-122,MySQL,8.0,PROD
DB-0123,DB-123,MySQL,2019,QA
DB-0124,DB-124,Oracle,8.0,QA
DB-0125,DB-125,Oracle,8.0,PROD
DB-0126,DB-126,PostgreSQL,2019,DEV
DB-0127,DB-127,SQLServer,13,TEST
DB-0128,DB-128,MySQL,13,PROD
DB-0129,DB-129,MySQL,14,TEST
DB-0130,DB-130,SQLServer,14,PROD
DB-0131,DB-131,Oracle,2019,TEST
DB-0132,DB-132,MySQL,13,PROD
DB-0133,DB-133,SQLServer,15,QA
DB-0134,DB-134,SQLServer,8.0,DEV
DB-0135,DB-135,SQLServer,8.0,TEST
DB-0136,DB-136,MySQL,14,QA
DB-0137,DB-137,PostgreSQL,14,DEV
DB-0138,DB-138,MySQL,14,PROD
DB-0139,DB-139,MySQL,13,TEST
DB-0140,DB-140,PostgreSQL,8.0,TEST
DB-0141,DB-141,PostgreSQL,2019,PROD
DB-0142,DB-142,PostgreSQL,2022,PROD
DB-0143,DB-143,PostgreSQL,2022,PROD
DB-0144,DB-144,Oracle,8.0,QA
DB-0145,DB-145,PostgreSQL,2019,TEST
DB-0146,DB-146,Oracle,2022,DEV
DB-0147,DB-147,MySQL,2022,PROD
DB-0148,DB-148,SQLServer,8.0,PROD
DB-0149,DB-149,SQLServer,2019,DEV
DB-0150,DB-150,Oracle,19c,PROD
